checked_out_on,library_card,accession
4/25/2012 12:00:39,0022,30009401
4/25/2012 12:00:58,0022,30010698
4/25/2012 12:25:17,0130,30062921
4/25/2012 12:36:40,0083,22224711
4/25/2012 12:36:56,0083,30042667
4/25/2012 12:37:40,0083,30015762
4/25/2012 12:37:53,0051,30083539
4/25/2012 12:41:47,0005,30116545
4/25/2012 12:42:52,0005,30082648
4/25/2012 12:43:37,0005,22231096
4/25/2012 12:47:38,0072,30090252
4/25/2012 12:47:55,0107,30110662
4/25/2012 12:48:05,0107,30077838
4/25/2012 12:48:25,0107,30138879
4/25/2012 12:48:57,0107,30063036
4/25/2012 12:49:13,0107,30118897
4/25/2012 13:00:26,0041,22217954
4/25/2012 13:03:21,0022,30135677
4/25/2012 13:03:53,0022,30131320
4/25/2012 13:07:29,0097,30020911
4/25/2012 13:21:46,0151,30133516
4/25/2012 13:31:17,0175,30129928
4/25/2012 13:32:36,0169,30058804
4/25/2012 13:41:52,0173,30083513
4/25/2012 13:54:02,0181,30025621
4/25/2012 14:34:26,0024,30122543
4/25/2012 14:36:01,0024,19886753
4/25/2012 14:36:32,0003,30105860
4/26/2012 8:47:21,0185,30040083
4/26/2012 8:47:26,0185,30040083
4/26/2012 8:47:50,0185,30041024
4/26/2012 10:32:55,0196,30073662
4/26/2012 11:09:28,0010,30024251
4/26/2012 11:09:35,0010,30024251
4/26/2012 11:11:32,0010,30128953
4/26/2012 11:11:43,0010,30129019
4/26/2012 11:11:51,0010,30129076
4/26/2012 11:12:40,0027,30118855
4/26/2012 11:13:43,0049,30125819
4/26/2012 11:15:46,0027,30139307
4/26/2012 11:17:15,0050,30129829
4/26/2012 11:17:35,0046,30113591
4/26/2012 11:17:48,0046,30051148
4/26/2012 11:18:23,0009,30065460
4/26/2012 11:18:36,0029,30126569
4/26/2012 11:37:36,0128,30113179
4/26/2012 11:38:56,0008,30111157
4/26/2012 12:40:57,0216,30068225
4/26/2012 12:41:18,0216,30068456
4/26/2012 12:41:24,0216,30068340
4/26/2012 12:41:29,0216,30088934
4/26/2012 12:42:32,0095,30123483
4/26/2012 12:43:23,0095,30123483
4/26/2012 12:43:31,0095,30126031
4/26/2012 12:46:26,0052,30124960
4/26/2012 12:48:25,0052,30135644
4/26/2012 12:55:07,0026,30001572
4/26/2012 12:56:24,0023,30138465
4/26/2012 12:56:36,0023,30111512
4/26/2012 12:57:00,0026,30001572
4/26/2012 12:57:10,0039,30077630
4/26/2012 12:57:56,0042,30139570
4/26/2012 13:04:18,0039,30035471
4/26/2012 13:04:56,0227,18995126
4/26/2012 13:08:04,0169,30055107
4/26/2012 13:08:25,0169,30051940
4/26/2012 13:12:51,0185,30091508
4/26/2012 14:03:37, 0166,30100408
4/26/2012 14:05:59,0153,30118178
4/26/2012 14:09:40,0141,30123996
4/26/2012 14:09:52,0123,30115406
4/26/2012 14:45:23,0185,19881002
4/26/2012 14:45:45,0185,19882380
4/26/2012 14:45:57,0185,22224745
4/27/2012 10:29:41, 0054,20831251
4/27/2012 10:29:48, 0054,20831251
4/27/2012 10:29:48, 0054,30045876
4/27/2012 13:41:16,  0206,30117089
4/27/2012 13:41:23,  0206,30117089
4/27/2012 14:08:00,0036,19884683
4/27/2012 14:08:23,0036,22218267
4/27/2012 14:08:37,0036,30087571
4/27/2012 14:08:48,0036,30003479
4/27/2012 14:08:58,0036,30031652
4/27/2012 14:09:11,0036,19885235
4/27/2012 14:09:26,0036,30076467
4/27/2012 14:09:33,0036,30079990
4/27/2012 14:13:26,0016,30059497
4/27/2012 14:13:32,0016,30059497
4/27/2012 14:15:16,0013,30071070
4/27/2012 14:18:08,0013,30029318
4/27/2012 14:18:29,0013,30018949
4/27/2012 14:18:56,0013,30011654
4/27/2012 14:21:14,0053,30133599
4/27/2012 14:21:38,0052,30032411
4/27/2012 14:22:20,0017,30055719
4/27/2012 14:22:45,0017,30133425
4/27/2012 14:23:05,0017,30036701
4/27/2012 14:23:20,0017,19873314
4/27/2012 14:23:35,0017,30002869
4/27/2012 14:24:10,0038,30039523
4/27/2012 14:24:23,0038,30022958
4/27/2012 14:24:54,0034,30015598
4/27/2012 14:25:13,0051,30140255
4/27/2012 14:25:27,0051,30138143
4/27/2012 14:25:35,0051,30114987
4/27/2012 14:25:47,0015,30122469
4/27/2012 14:25:54,0015,30031868
4/30/2012 12:14:10,0164,30139570
4/30/2012 12:29:27,0066,30134381
4/30/2012 12:39:13,0040,30072953
4/30/2012 12:40:16,0087,30131544
4/30/2012 12:48:20,0003,18999169
4/30/2012 12:49:47,0001,30133151
4/30/2012 12:50:00,0001,30135958
4/30/2012 12:50:11,0001,30133565
4/30/2012 12:50:22,0001,30043764
4/30/2012 12:50:37,0001,30124945
4/30/2012 12:50:48,0001,30066138
4/30/2012 12:52:23,0070,30131718
4/30/2012 12:54:09,0001,22230957
4/30/2012 12:57:48,0040,30138036
4/30/2012 12:58:35,0090,30063028
4/30/2012 12:59:17,0228,30139331
4/30/2012 13:03:10,0068,30117790
4/30/2012 13:15:58,0117,30133037
4/30/2012 13:17:47,0038,22218374
4/30/2012 13:18:09,0038,22218374
4/30/2012 13:27:33,0051,18992677
4/30/2012 13:28:38,0051,18992677
4/30/2012 14:11:29,0061,30055461
4/30/2012 14:11:59,0103,30140214
4/30/2012 14:12:38,0079,30016174
4/30/2012 14:14:33,0060,30122352
4/30/2012 14:14:46,0060,30113120
4/30/2012 14:16:57,0102,30127229
4/30/2012 14:17:03,0102,30127229
4/30/2012 14:17:13,0102,22229959
4/30/2012 14:17:28,0057,30128326
4/30/2012 14:17:37,0082,30083331
4/30/2012 14:17:44,0083,30120059
4/30/2012 14:17:56,0063,30139562
4/30/2012 14:18:27,0198,30019046
4/30/2012 14:23:50,0198,30033955
4/30/2012 14:24:04,0198,19879766
4/30/2012 14:24:15,0198,22235170
4/30/2012 14:44:07,0198,22220875
4/30/2012 14:44:20,0198,30025696
4/30/2012 14:48:06,0037,30022479
4/30/2012 14:50:14,0135,30116644
4/30/2012 14:50:24,0135,30116099
4/30/2012 15:03:22,0185,30128490
4/30/2012 15:11:26,0074,30136139
5/1/2012 8:55:19,0044,30117428
5/1/2012 8:55:40,0044,30133862
5/1/2012 8:55:51,0044,30086219
5/1/2012 8:56:17,0062,18990952
5/1/2012 9:33:38,0051,30130603
5/1/2012 11:25:15,0185,30137863
5/1/2012 11:25:21,0185,30137863
5/1/2012 11:25:31,0185,30137749
5/1/2012 11:25:38,0185,30137681
5/1/2012 12:17:39,   0219,30080832
5/1/2012 12:17:46,   0219,30080832
5/1/2012 12:18:27,0022,30075444
5/1/2012 12:42:31,0085,30100408
5/1/2012 12:50:27,0117,30106132
5/1/2012 12:50:32,0117,30106132
5/1/2012 12:50:46,0093,30133193
5/1/2012 12:51:02,0096,30038616
5/1/2012 12:57:11,0043,30028997
5/1/2012 12:57:50,0021,19885540
5/1/2012 12:58:29,0006,30140065
5/1/2012 12:59:03,0086,30117113
5/1/2012 12:59:30,0106,30042774
5/1/2012 13:03:45,0075,30027940
5/1/2012 13:08:01,0118,30006977
5/1/2012 13:11:02,0228,30135594
5/1/2012 13:11:06,0228,30135594
5/1/2012 13:11:16,0228,30112916
5/1/2012 13:17:29,0148,30095590
5/1/2012 13:17:33,0148,30095590
5/1/2012 13:27:05,0105,22219091
5/1/2012 13:40:08,0148,30116677
5/1/2012 13:40:14,0148,30116677
5/1/2012 13:40:14,0148,30116677
5/1/2012 13:40:14,0148,30116677
5/1/2012 13:40:14,0148,30116677
5/1/2012 13:40:14,0148,30116677
5/1/2012 13:40:15,0148,30116677
5/1/2012 13:56:58,0139,30129027
5/1/2012 13:57:03,0139,30129027
5/1/2012 13:57:11,0139,30084032
5/1/2012 13:59:28,0148,30116677
5/1/2012 13:59:36,0148,30095590
5/1/2012 13:59:52,0135,30052641
5/1/2012 14:02:03,0166,30123061
5/1/2012 14:02:56,0153,30086201
5/1/2012 14:03:17,0135,30052641
5/1/2012 14:35:31,0128,30133961
5/1/2012 14:41:05,0093,30135529
5/1/2012 14:41:43,0102,30140008
5/1/2012 14:42:15,0151,30068357
5/1/2012 14:45:13,0152,30120240
5/1/2012 14:45:16,0152,30120240
5/1/2012 14:51:08,0147,30139331
5/2/2012 9:19:04,0154,30139695
5/2/2012 9:19:09,0154,30139695
5/2/2012 9:19:09,0154,30139695
5/2/2012 9:19:09,0154,30139695
5/2/2012 9:19:09,0154,30139695
5/2/2012 9:19:09,0154,30139695
5/2/2012 9:49:09,0206,30082242
5/2/2012 9:49:14,0206,30082242
5/2/2012 9:49:31,0206,30137103
5/2/2012 9:49:43,0206,30115059
5/2/2012 9:49:53,0206,30059745
5/2/2012 9:50:02,0206,30139125
5/2/2012 9:54:44,0008,30018998
5/2/2012 9:54:48,0008,30018998
5/2/2012 9:59:53,0031,30108708
5/2/2012 10:04:11,0027,30004980
5/2/2012 10:05:33,0029,30082572
5/2/2012 10:06:13,0007,22226070
5/2/2012 10:27:23,0060,30025589
5/2/2012 11:43:48,0213,30112528
5/2/2012 11:44:12,0213,30108153
5/2/2012 11:44:20,0213,30005011
5/2/2012 13:01:31,0087,30102891
5/2/2012 13:01:41,0087,30102891
5/2/2012 13:01:41,0087,30102891
5/2/2012 13:02:39,0041,30085799
5/2/2012 13:04:20,0022,30128953
5/2/2012 13:04:31,0022,30129076
5/2/2012 13:04:49,0022,30129019
5/2/2012 13:09:48,0087,30116917
5/2/2012 13:17:39,0091,30115455
5/2/2012 14:01:03,0156,30108500
5/2/2012 14:01:09,0156,30108500
5/2/2012 14:14:23,0166,30120455
5/3/2012 9:41:24,0016,30131627
5/3/2012 9:41:45,0016,30131627
5/3/2012 9:41:45,0016,30131627
5/3/2012 9:41:45,0016,30131627
5/3/2012 9:42:04,0016,30111884
5/3/2012 9:47:29,0025,30096713
5/3/2012 9:47:40,0025,30096713
5/3/2012 9:48:07,0039,30131692
5/3/2012 9:48:07,0039,30131692
5/3/2012 9:48:30,0024,19879824
5/3/2012 9:49:04,0002,19879022
5/3/2012 9:49:15,0002,30116982
5/3/2012 9:49:31,0043,30109003
5/3/2012 9:49:46,0022,30032825
5/3/2012 9:50:31,0004,30010359
5/3/2012 9:51:59,0054,20831277
5/3/2012 10:12:24,0169,30058747
5/3/2012 10:13:11,0169,30058747
5/3/2012 10:13:11,0169,30058747
5/3/2012 10:13:28,0169,30062483
5/3/2012 10:13:45,0169,18992345
5/3/2012 10:14:07,0040,30129936
5/3/2012 10:14:16,0040,30129878
5/3/2012 10:14:39,0021,30013387
5/3/2012 10:15:18,0026,30083000
5/3/2012 10:15:41,0026,30109086
5/3/2012 10:16:10,0005,30006423
5/3/2012 10:16:57,0005,30008270
5/3/2012 10:17:12,0005,22222319
5/3/2012 10:17:42,0001,30064224
5/3/2012 10:17:52,0001,20832259
5/3/2012 10:17:59,0001,30023733
5/3/2012 10:18:05,0001,30013809
5/3/2012 10:18:21,0023,30127286
5/3/2012 10:18:32,0023,30113526
5/3/2012 10:18:42,0023,30109292
5/3/2012 10:18:50,0023,30047989
5/3/2012 10:18:58,0023,30011209
5/3/2012 10:19:18,0043,30117774
5/3/2012 10:19:26,0043,30117006
5/3/2012 10:28:02,0072,30010854
5/3/2012 10:28:19,0074,30035778
5/3/2012 11:11:41,0027,30136717
5/3/2012 11:12:43,0046,30136774
5/3/2012 11:13:12,0045,30130934
5/3/2012 11:13:35,0047,19880574
5/3/2012 11:15:32,0050,30127435
5/3/2012 11:15:40,0009,30127104
5/3/2012 11:15:46,0012,19878875
5/3/2012 11:15:55,0030,30138366
5/3/2012 11:49:58,0045,30112734
5/3/2012 11:50:03,0045,30112734
5/3/2012 11:50:23,0048,30064588
5/3/2012 12:31:02,0088,30049860
5/3/2012 12:31:20,0085,30136204
5/3/2012 12:33:20,0039,30038996
5/3/2012 12:54:16,0025,30122188
5/3/2012 13:01:51,0042,22232441
5/3/2012 13:08:50,0112,30085385
5/3/2012 13:08:55,0112,30085385
5/3/2012 13:25:28,0229,19888049
5/3/2012 13:25:33,0229,19888049
5/3/2012 13:25:45,0229,30049340
5/3/2012 13:27:58,0149,30139810
5/3/2012 13:38:56,0177,30128573
5/3/2012 13:39:01,0177,30128573
5/3/2012 13:46:26,0175,30076582
5/3/2012 14:04:24,0166,30127138
5/3/2012 14:10:47,0126,30118178
5/3/2012 14:12:03,0139,22221840
5/3/2012 14:55:23,0123,30068647
5/4/2012 9:52:03,0186,19001593
5/4/2012 10:05:57,0117,30140347
5/4/2012 10:47:03,0092,30134282
5/4/2012 10:51:01,0064,30130306
5/4/2012 10:51:38,0221,19879121
5/4/2012 10:51:48,0221,19879352
5/4/2012 10:51:59,0221,19879352
5/4/2012 10:52:06,0221,19878883
5/4/2012 10:52:15,0221,30127534
5/4/2012 10:52:29,0221,30108906
5/4/2012 10:52:47,0221,19879121
5/4/2012 10:52:47,0221,19879121
5/4/2012 10:52:57,0221,19879113
5/4/2012 13:29:16,0167,30110977
5/4/2012 14:13:20,0019,30023220
5/4/2012 14:13:53,0019,30007520
5/4/2012 14:14:14,0019,30022628
5/4/2012 14:14:25,0019,30038426
5/4/2012 14:16:58,0055,22222962
5/4/2012 14:17:13,0055,30052765
5/4/2012 14:17:55,0051,30014120
5/4/2012 14:18:59,0053,30039770
5/4/2012 14:19:31,0227,18997338
5/4/2012 14:20:20,0034,30015556
5/4/2012 14:21:16,0038,22222640
5/4/2012 14:21:32,0038,22222640
5/4/2012 14:22:56,0020,30037782
5/4/2012 14:23:24,0052,30139471
5/4/2012 14:23:56,0052,30110753
5/4/2012 14:24:17,0052,30122915
5/4/2012 14:24:34,0015,30011381
5/4/2012 14:25:01,0015,30137053
5/4/2012 14:25:28,0016,30073092
5/4/2012 14:25:36,0016,30039325
5/4/2012 14:25:43,0016,30039325
5/4/2012 14:25:55,0016,30109029
5/4/2012 14:26:03,0016,30109029
5/4/2012 14:26:29,0016,30108963
5/4/2012 14:26:45,0227,30133045
5/4/2012 14:33:48,0214,18993923
5/4/2012 14:34:07,0214,18993923
5/4/2012 14:34:21,0214,18993923
5/4/2012 14:34:21,0214,18993923
5/4/2012 14:34:21,0214,18993923
5/4/2012 14:34:21,0214,18993923
5/4/2012 14:34:21,0214,18993923
5/4/2012 14:34:29,0214,30138747
5/4/2012 14:34:40,0214,30123327
5/4/2012 14:34:47,0214,30132708
5/4/2012 14:34:55,0214,30068290
5/4/2012 14:35:02,0214,30048821
5/4/2012 14:35:11,0214,30062426
5/4/2012 14:35:17,0214,30081582
5/4/2012 14:35:53,0214,30113963
5/4/2012 14:35:59,0214,18999763
5/4/2012 14:49:29,0018,18992834
5/4/2012 14:49:41,0018,18992834
5/4/2012 14:49:41,0018,18992834
5/4/2012 14:49:41,0018,18992834
5/4/2012 14:49:41,0018,18992834
5/4/2012 14:49:41,0018,18992834
5/4/2012 14:49:41,0018,18992834
5/4/2012 14:49:41,0018,18992834
5/4/2012 14:49:41,0018,18992834
5/4/2012 14:49:42,0018,18992834
5/4/2012 14:49:42,0018,18992834
5/4/2012 14:49:42,0018,18992834
5/4/2012 14:49:42,0018,18992834
5/4/2012 14:49:42,0018,18992834
5/4/2012 14:49:42,0018,18992834
5/4/2012 14:49:42,0018,18992834
5/4/2012 14:49:43,0018,18992834
5/4/2012 14:49:43,0018,18992834
5/4/2012 14:50:11,0054,30135222
5/7/2012 10:06:31,0091,30123608
5/7/2012 10:52:37,0149,30076210
5/7/2012 11:33:11,0016,30122915
5/7/2012 11:33:17,0016,30122915
5/7/2012 12:42:27,0097,30045280
5/7/2012 12:42:44,0097,30045280
5/7/2012 12:43:13,0018,30107569
5/7/2012 12:45:30,0040,30132807
5/7/2012 12:46:35,0040,30110464
5/7/2012 12:50:27,0019,18991414
5/7/2012 12:50:48,0019,18991497
5/7/2012 12:51:10,0108,30134183
5/7/2012 12:51:36,0016,30123749
5/7/2012 12:53:45,0015,30075378
5/7/2012 13:00:33,0015,30067516
5/7/2012 13:00:45,0015,30136113
5/7/2012 13:00:55,0015,30127997
5/7/2012 13:02:32,0016,30140164
5/7/2012 13:03:09,0024,30042907
5/7/2012 13:03:17,0024,30135792
5/7/2012 13:03:23,0024,30140156
5/7/2012 13:03:42,0001,30108070
5/7/2012 13:03:46,0001,30042238
5/7/2012 13:03:52,0001,19873876
5/7/2012 13:04:01,0040,22219117
5/7/2012 13:04:12,0001,19875442
5/7/2012 13:06:27,0091,30072474
5/7/2012 13:11:32,0085,30131478
5/7/2012 13:28:28,0115,30110191
5/7/2012 13:28:49,0115,30110191
5/7/2012 13:29:27,0115,30139653
5/7/2012 14:09:50,0079,18991216
5/7/2012 14:10:09,0079,30052351
5/7/2012 14:10:24,0037,30121792
5/7/2012 14:11:17,0062,30097653
5/7/2012 14:12:10,0099,30124499
5/7/2012 14:12:58,0102,30138978
5/7/2012 14:13:47,0102,30126817
5/7/2012 14:13:58,0102,30124051
5/7/2012 14:14:08,0102,30133557
5/7/2012 14:14:29,0102,30133557
5/7/2012 14:14:50,0083,30066005
5/7/2012 14:15:07,0059,30108872
5/7/2012 14:52:12,0198,30040554
5/7/2012 14:52:27,0198,22219604
5/7/2012 14:52:38,0198,30017966
5/8/2012 8:55:40,0214,30002455
5/8/2012 8:56:04,0214,30003990
5/8/2012 8:57:29,0214,19003375
5/8/2012 8:58:04,0214,22234231
5/8/2012 10:10:53,0185,30082853
5/8/2012 10:10:59,0185,30082853
5/8/2012 10:14:03,0198,22232862
5/8/2012 11:50:27,0083,22222384
5/8/2012 11:50:32,0083,22222384
5/8/2012 11:50:50,0058,19878792
5/8/2012 12:37:54,0095,30080857
5/8/2012 12:40:06,0088,30065171
5/8/2012 12:40:21,0088,30073779
5/8/2012 12:41:12,0070,30131544
5/8/2012 12:42:26,0004,30139521
5/8/2012 12:43:58,0109,18994624
5/8/2012 12:53:53,0054,30093322
5/8/2012 12:57:21,0074,30132385
5/8/2012 12:58:36,0228,30120950
5/8/2012 12:59:42,0021,30138705
5/8/2012 12:59:54,0021,30124515
5/8/2012 13:00:14,0043,30130439
5/8/2012 13:00:44,0006,30118046
5/8/2012 13:01:03,0052,30115224
5/8/2012 13:01:18,0052,30092332
5/8/2012 13:01:39,0033,30132872
5/8/2012 13:02:14,0104,19890185
5/8/2012 13:04:03,0110,30088439
5/8/2012 13:50:49,0139,30106140
5/8/2012 13:50:53,0139,30106140
5/8/2012 14:04:01,0130,30108864
5/8/2012 14:04:06,0130,30108864
5/8/2012 14:09:57,0180,30096424
5/8/2012 14:12:17,0159,30077358
5/8/2012 14:12:37,0137,30050603
5/8/2012 14:12:53,0131,30047971
5/8/2012 14:16:32,0119,30128870
5/8/2012 14:16:49,0161,18995555
5/8/2012 14:17:04,0177,30139067
5/8/2012 14:19:54,0152,30137079
5/8/2012 14:47:14,0125,30135370
5/8/2012 14:49:29,0141,30117824
5/9/2012 10:10:27,0131,30134241
5/9/2012 10:10:31,0131,30134241
5/9/2012 11:39:30,0185,30131841
5/9/2012 12:46:17,0115,30091706
5/9/2012 12:47:30,0107,30136600
5/9/2012 12:49:32,0005,30043970
5/9/2012 12:50:31,0005,22217889
5/9/2012 12:51:18,0117,30128573
5/9/2012 12:51:24,0106,30117691
5/9/2012 12:51:46,0077,30138770
5/9/2012 12:58:20,0022,30138416
5/9/2012 12:58:39,0022,30044887
5/9/2012 12:58:56,0022,30117816
5/9/2012 12:59:37,0022,19003219
5/9/2012 13:02:23,0080,30055420
5/9/2012 13:03:17,0041,19880897
5/9/2012 13:03:32,0041,30053771
5/9/2012 13:03:53,0041,30045264
5/9/2012 13:04:38,0116,30133532
5/9/2012 13:04:53,0068,30138242
5/9/2012 13:18:11,0130,30130165
5/9/2012 13:25:49,0071,30128896
5/9/2012 14:04:12,0144,30139844
5/9/2012 14:04:43,0123,30116255
5/9/2012 14:08:17,0174,30119515
5/9/2012 14:08:53,0141,30106777
5/9/2012 14:15:52,0167,30133359
5/9/2012 14:16:10,0174,30131718
5/9/2012 14:18:11,0127,30135412
5/9/2012 14:25:47,0160,30121917
5/9/2012 14:25:52,0160,30121917
5/10/2012 8:30:17,0200,30037295
5/10/2012 8:30:39,0200,30139703
5/10/2012 8:58:14,0137,30118590
5/10/2012 8:58:51,0137,30118590
5/10/2012 8:59:04,0201,30042626
5/10/2012 8:59:15,0201,30123731
5/10/2012 8:59:29,0026,30117525
5/10/2012 11:04:34,0007,30034623
5/10/2012 11:05:18,0007,30034623
5/10/2012 11:05:19,0007,30034623
5/10/2012 11:10:01,0193,30139216
5/10/2012 11:10:01,0193,30027791
5/10/2012 11:14:28,0029,30133359
5/10/2012 11:14:51,0009,30108757
5/10/2012 11:16:02,0011,22232466
5/10/2012 11:16:19,0048,19873306
5/10/2012 11:16:40,0048,22217665
5/10/2012 11:17:03,0050,30120059
5/10/2012 11:17:16,0050,30135610
5/10/2012 11:17:25,0008,30115471
5/10/2012 11:47:38,0008,30112486
5/10/2012 12:44:50,0085,30111165
5/10/2012 12:47:32,0117,30137079
5/10/2012 12:47:37,0117,30137079
5/10/2012 12:58:42,0095,30125892
5/10/2012 12:58:47,0095,30125892
5/10/2012 13:01:02,0087,30031504
5/10/2012 13:02:56,0025,30118517
5/10/2012 13:04:18,0023,30113740
5/10/2012 13:04:50,0023,30139042
5/10/2012 13:05:10,0110,30033518
5/10/2012 13:08:08,0070,30092092
5/10/2012 13:08:36,0117,30051221
5/10/2012 13:09:18,0155,30005854
5/10/2012 13:09:32,0130,30007694
5/10/2012 13:10:23,0085,30038517
5/10/2012 13:11:22,0149,30106025
5/10/2012 13:11:31,0149,30114391
5/10/2012 13:14:41,0075,30065247
5/10/2012 13:15:05,0075,30065247
5/10/2012 13:16:05,0175,30138721
5/10/2012 13:16:49,0105,30058952
5/10/2012 13:20:06,0180,30065650
5/10/2012 13:20:12,0180,30065650
5/10/2012 13:20:12,0180,30065650
5/10/2012 13:20:12,0180,30065650
5/10/2012 13:20:12,0180,30065650
5/10/2012 13:22:09,0066,30139034
5/10/2012 13:28:03,0097,30135644
5/10/2012 13:28:20,0097,30022073
5/10/2012 13:28:40,0108,30123681
5/10/2012 13:28:55,0108,30009518
5/10/2012 13:29:03,0108,30137418
5/10/2012 13:46:12,0128,30132583
5/10/2012 13:46:25,0128,30132583
5/10/2012 13:51:00,0163,30059406
5/10/2012 13:51:04,0163,30059406
5/10/2012 14:04:44,0123,30091698
5/10/2012 14:04:55,0123,30091979
5/10/2012 14:05:05,0123,30074058
5/10/2012 14:08:33,0129,30092951
5/10/2012 14:08:48,0166,30121123
5/10/2012 14:12:46,0142,30093207
5/10/2012 14:40:22,0153,30099493
5/11/2012 9:25:56,0094,30110555
5/11/2012 9:26:02,0094,30110555
5/11/2012 9:26:18,0094,30077689
5/11/2012 9:26:27,0094,30119457
5/11/2012 11:39:16,0038,30039325
5/11/2012 14:07:51,0013,30134282
5/11/2012 14:09:27,0020,30065981
5/11/2012 14:11:50,0055,20832135
5/11/2012 14:15:45,0038,30104590
5/11/2012 14:15:59,0019,18991109
5/11/2012 14:16:07,0019,30126650
5/11/2012 14:16:14,0019,22223382
5/11/2012 14:16:27,0016,30036453
5/11/2012 14:16:43,0016,30034730
5/11/2012 14:16:59,0016,30015770
5/11/2012 14:17:21,0034,30027957
5/11/2012 14:17:39,0017,19878255
5/14/2012 10:35:32,0071,30033484
5/14/2012 11:06:44,0146,30139562
5/14/2012 11:06:49,0146,30139562
5/14/2012 11:31:56,0198,30082184
5/14/2012 11:32:12,0198,22226351
5/14/2012 11:32:27,0198,30003032
5/14/2012 11:32:33,0198,30006639
5/14/2012 11:32:41,0198,30140313
5/14/2012 11:32:47,0198,30129464
5/14/2012 11:32:54,0198,30078281
5/14/2012 11:33:03,0198,30046221
5/14/2012 11:33:10,0198,30004477
5/14/2012 11:33:24,0198,30092654
5/14/2012 11:33:30,0198,30060842
5/14/2012 11:33:38,0198,30086458
5/14/2012 11:33:45,0198,30086128
5/14/2012 11:33:55,0198,19000496
5/14/2012 11:34:03,0198,30138135
5/14/2012 11:34:11,0198,30075071
5/14/2012 11:34:32,0198,30053789
5/14/2012 11:34:42,0198,30134084
5/14/2012 11:34:49,0198,30129944
5/14/2012 11:34:57,0198,22229074
5/14/2012 11:35:05,0198,30121156
5/14/2012 11:35:13,0198,22229025
5/14/2012 11:35:25,0198,30086961
5/14/2012 11:35:35,0198,19000892
5/14/2012 11:35:42,0198,30034102
5/14/2012 11:35:54,0198,30036826
5/14/2012 11:36:02,0198,30119358
5/14/2012 11:36:13,0198,30076491
5/14/2012 11:36:27,0198,30137293
5/14/2012 11:36:40,0198,30073571
5/14/2012 11:36:50,0198,18993527
5/14/2012 11:37:04,0198,30058820
5/14/2012 11:37:13,0198,30135057
5/14/2012 11:37:27,0198,30010169
5/14/2012 11:37:35,0198,18993600
5/14/2012 11:37:44,0198,30128391
5/14/2012 11:37:55,0198,30001689
5/14/2012 11:38:05,0198,30132013
5/14/2012 12:06:48,0228,30137483
5/14/2012 12:38:43,0024,30138499
5/14/2012 12:41:18,0088,30080238
5/14/2012 12:41:24,0088,30100838
5/14/2012 12:41:33,0088,30111058
5/14/2012 12:43:29,0070,30136436
5/14/2012 12:43:49,0070,30093124
5/14/2012 12:44:17,0086,30052625
5/14/2012 12:46:31,0003,30080469
5/14/2012 12:46:56,0071,30078240
5/14/2012 12:48:59,0054,30121305
5/14/2012 12:49:05,0054,30138804
5/14/2012 12:50:20,0038,30002380
5/14/2012 13:02:37,0015,30114086
5/14/2012 13:06:20,0087,22230569
5/14/2012 13:11:24,0085,30131494
5/14/2012 13:11:54,0095,30027940
5/14/2012 13:11:55,0095,30027940
5/14/2012 13:13:50,0068,30123392
5/14/2012 13:14:39,0076,30106504
5/14/2012 13:39:25,0113,30042725
5/14/2012 14:08:20,0080,30049829
5/14/2012 14:08:26,0080,30049829
5/14/2012 14:08:26,0080,30016547
5/14/2012 14:11:29,0062,30135974
5/14/2012 14:13:29,0082,30070338
5/14/2012 14:14:48,0083,30078703
5/14/2012 14:15:03,0083,30060800
5/14/2012 14:17:05,0082,30094866
5/14/2012 14:17:24,0037,18995548
5/14/2012 14:17:37,0103,30129605
5/14/2012 14:17:44,0103,30083315
5/14/2012 14:17:51,0103,30083406
5/14/2012 14:17:57,0103,30031090
5/14/2012 14:18:48,0102,30094353
5/14/2012 14:19:25,0057,30121503
5/14/2012 14:29:54,0198,18994327
5/14/2012 14:30:06,0198,30047245
5/15/2012 8:42:52,0227,30130744
5/15/2012 8:43:06,0227,30130744
5/15/2012 8:44:07,0063,30083414
5/15/2012 8:44:29,0063,30083414
5/15/2012 8:44:40,0063,30083414
5/15/2012 8:44:40,0063,30083414
5/15/2012 8:45:02,0063,30013130
5/15/2012 8:45:18,0063,30065692
5/15/2012 8:45:57,0063,30053656
5/15/2012 11:10:56,0023,30118517
5/15/2012 11:41:15,0043,30136386
5/15/2012 11:41:27,0041,30106124
5/15/2012 12:45:53,0094,30132765
5/15/2012 12:46:05,0094,30116560
5/15/2012 12:46:11,0094,30121586
5/15/2012 12:46:58,0115,30094437
5/15/2012 12:48:24,0095,30121719
5/15/2012 12:49:43,0095,30127088
5/15/2012 12:50:22,0018,30109490
5/15/2012 12:51:23,0068,30082275
5/15/2012 12:53:46,0004,30023964
5/15/2012 12:54:01,0004,30070171
5/15/2012 12:57:04,0064,30073712
5/15/2012 13:01:55,0006,19000355
5/15/2012 13:02:11,0006,30124820
5/15/2012 13:02:49,0043,19000900
5/15/2012 13:02:58,0043,30082788
5/15/2012 13:09:53,0072,30085500
5/15/2012 13:54:30,0129,30123996
5/15/2012 13:54:45,0166,30121438
5/15/2012 13:57:56,0167,30004139
5/15/2012 13:57:59,0167,30004139
5/15/2012 14:21:32,0139,30118467
5/15/2012 14:23:38,0123,30125892
5/15/2012 14:23:56,0153,30115406
5/15/2012 14:24:47,0129,30115919
5/15/2012 14:28:04,0128,30129738
5/15/2012 14:33:17,0130,30131056
5/15/2012 14:36:22,0125,30031033
5/15/2012 14:37:54,0177,30085260
5/15/2012 14:52:15,0143,30078364
5/15/2012 14:52:26,0143,30078364
5/15/2012 15:04:19,0206,30117360
5/15/2012 15:04:40,0206,30117428
5/15/2012 16:08:33,0081,18996520
5/16/2012 9:43:15,0130,30126510
5/16/2012 9:49:10,0019,30126262
5/16/2012 10:10:58,0055,30137525